{
    "Soma": {
        "capacitance": {
            "PARAMETER": {
                "cm (uF/cm2)": 1.0
            }
        },
        "pas": {
            "PARAMETER": {
                "g_pas (S/cm2)": 0.0002,
                "e_pas (mV)": -42.0
            }
        },
        "na_ion": {},
        "k_ion": {},
        "ca_ion": {},
        "Piezo1": {},
        "Piezo2": {},
        "trpa1": {},
        "TRPV4": {}
    },
    "Dendrites": {
        "capacitance": {
            "PARAMETER": {
                "cm (uF/cm2)": 1.0
            }
        },
        "pas": {
            "PARAMETER": {
                "g_pas (S/cm2)": 0.0002,
                "e_pas (mV)": -42.0
            }
        },
        "na_ion": {},
        "k_ion": {},
        "ca_ion": {},
        "Piezo1": {},
        "Piezo2": {},
        "trpa1": {},
        "TRPV4": {}
    },
    "Secondary Branch": {
        "capacitance": {
            "PARAMETER": {
                "cm (uF/cm2)": 1.0
            }
        },
        "pas": {
            "PARAMETER": {
                "e_pas (mV)": -42.0
            }
        },
        "na_ion": {},
        "k_ion": {},
        "ca_ion": {},
        "Piezo1": {},
        "Piezo2": {},
        "trpa1": {},
        "TRPV4": {}
    },
    "Primary Process": {
        "capacitance": {
            "PARAMETER": {
                "cm (uF/cm2)": 1.0
            }
        },
        "pas": {
            "PARAMETER": {
                "g_pas (S/cm2)": {
                    "inhom_model": {
                        "distFuncHelper": {
                            "hocTemplateName": "VerbatimDistFuncHelper",
                            "distFuncCatIdx": 4,
                            "distFuncIdx": 16,
                            "vecOfVals": [
                                0.0008736508080981795,
                                0.0009489374750969828,
                                0.0009495050684157705,
                                0.0005532755839172818,
                                0.0005435613140849624,
                                0.0006486929858543047,
                                0.0010020234829251488,
                                0.0007315070129206807,
                                0.0005412205810207644,
                                0.0009998332404250719,
                                0.00090370505080631,
                                0.0009889868174108372,
                                0.0006511837936475412,
                                0.0006967799214848434,
                                0.0009734492912142518,
                                0.0008758203896175099,
                                0.0006032057296498596,
                                0.0006106420225919276,
                                0.0008505111752446488,
                                0.0009760734201989729,
                                0.0007853092655311726,
                                0.0006393064560481086,
                                0.000692657336810995,
                                0.0008531916285046958,
                                0.0006196406586486017,
                                0.0009954592807670125,
                                0.0005591331600643144,
                                0.0005667929234409958,
                                0.0007010737511218525,
                                0.0009724482453308603,
                                0.0007321476040843339,
                                0.00056174157472346,
                                0.0006614062569451105,
                                0.0010974070552303085,
                                0.0006646382539333126,
                                0.0008061326176175041,
                                0.000919925271235601,
                                0.0007198182139464801,
                                0.0008170865613666157,
                                0.0009428014324906894,
                                0.0007532308302550019,
                                0.0009468881431184727,
                                0.0005711910337727143,
                                0.0006330714953387466,
                                0.0007569791617985809,
                                0.0006743514354267449,
                                0.0008377455186736909,
                                0.001002023094521624,
                                0.0008639813357811743,
                                0.0007891826095261452,
                                0.0006558388287064343,
                                0.0010972312319472992,
                                0.0009075705281825367,
                                0.0006498070903605661,
                                0.0005221557391477342,
                                0.0006065453039957482,
                                0.000863445537516347,
                                0.0006767363962518953,
                                0.0007236809523240872,
                                0.0009235802628680929,
                                0.0006564012000034988,
                                0.0007159894275619609,
                                0.000726676553054347,
                                0.0009645425279137971,
                                0.0005915102574904202,
                                0.0008947994706487158,
                                0.000696032857576346,
                                0.0008093754206550286,
                                0.0006480515362361465,
                                0.0009653968251817093,
                                0.0008040920141975345,
                                0.000996304012334071,
                                0.0006789340251624046,
                                0.000778386904059657,
                                0.0005722324154704877,
                                0.0007215931918341266,
                                0.0008465769656897246,
                                0.0005302341159708519,
                                0.0006066412164799412,
                                0.000728821409440726,
                                0.0005910025562242085,
                                0.0006985429047142775,
                                0.0008936990878712683,
                                0.0008710775784075837,
                                0.0007410125513611088,
                                0.0006714744590866482,
                                0.0007679504102253116,
                                0.0007899365168117187,
                                0.0009613781085508794,
                                0.0007388083898189083,
                                0.0009127386979509606,
                                0.0006845939404836721,
                                0.0007970817372787106,
                                0.000622148612400707,
                                0.0008363170865939656,
                                0.0006889068173023619,
                                0.0006762623131001067,
                                0.0009752636020840083,
                                0.0006000462519742749,
                                0.0006416296288931319,
                                0.0008922699690474872,
                                0.000606970922350335,
                                0.0008943764224956629,
                                0.0010615688481664083,
                                0.0010316627185894389,
                                0.0009905497783340234,
                                0.000971217391716656,
                                0.0008437764325425676,
                                0.0008447687099213392,
                                0.0005350148330404671,
                                0.0009450439264093002,
                                0.0010218063139606876,
                                0.0010261593979028196,
