{
    "Soma": {
        "capacitance": {
            "PARAMETER": {
                "cm (uF/cm2)": 0.8
            }
        },
        "pas": {
            "PARAMETER": {
                "g_pas (S/cm2)": 8.968609865470852e-05,
                "e_pas (mV)": -85.0
            }
        },
        "na_ion": {},
        "k_ion": {},
        "ca_ion": {},
        "Piezo1": {},
        "Piezo2": {},
        "trpa1": {},
        "TRPV4": {}
    },
    "Dendrites": {
        "capacitance": {
            "PARAMETER": {
                "cm (uF/cm2)": 0.8
            }
        },
        "pas": {
            "PARAMETER": {
                "g_pas (S/cm2)": 8.968609865470852e-05,
                "e_pas (mV)": -85.0
            }
        },
        "na_ion": {},
        "k_ion": {},
        "ca_ion": {},
        "Piezo1": {},
        "Piezo2": {},
        "trpa1": {},
        "TRPV4": {}
    },
    "Secondary Branch": {
        "capacitance": {
            "PARAMETER": {
                "cm (uF/cm2)": 0.8
            }
        },
        "pas": {
            "PARAMETER": {
                "e_pas (mV)": -85.0
            }
        },
        "na_ion": {},
        "k_ion": {},
        "ca_ion": {},
        "Piezo1": {},
        "Piezo2": {},
        "trpa1": {},
        "TRPV4": {}
    },
    "Primary Process": {
        "capacitance": {
            "PARAMETER": {
                "cm (uF/cm2)": 0.8
            }
        },
        "pas": {
            "PARAMETER": {
                "g_pas (S/cm2)": {
                    "inhom_model": {
                        "distFuncHelper": {
                            "hocTemplateName": "VerbatimDistFuncHelper",
                            "distFuncCatIdx": 4,
                            "distFuncIdx": 16,
                            "vecOfVals": [
                                0.0003917716628242957,
                                0.00042553250004348996,
                                0.00042578702619541265,
                                0.00024810564301223394,
                                0.00024374946819953467,
                                0.000290893715629733,
                                0.0004493378847197976,
                                0.0003280300506370765,
                                0.00024269981211693468,
                                0.00044835571319509944,
                                0.0004052489017068654,
                                0.0004434918463725726,
                                0.0002920106697971036,
                                0.00031245736389454853,
                                0.00043652434583598727,
                                0.0003927445693352062,
                                0.00027049584289231366,
                                0.0002738305034044518,
                                0.0003813951458496182,
                                0.0004377010852910191,
                                0.0003521566213144271,
                                0.0002866845094386137,
                                0.00031060867121569276,
                                0.00038259714282721775,
                                0.00027786576621013524,
                                0.00044639429630807727,
                                0.0002507323587732351,
                                0.00025416723024259893,
                                0.0003143828480367051,
                                0.0004360754463367086,
                                0.0003283173112485802,
                                0.00025190205144549774,
                                0.0002965947340561033,
                                0.000492110787098793,
                                0.0002980440600597814,
                                0.0003614944473621094,
                                0.00041252254315497794,
                                0.00032278843674730045,
                                0.00036640652976081416,
                                0.00042278091143080235,
                                0.0003377716727600905,
                                0.00042461351709348544,
                                0.00025613947702812296,
                                0.0002838885629321733,
                                0.00033945253892313037,
                                0.0003023997468281367,
                                0.0003756706361765429,
                                0.00044933771054781336,
                                0.0003874355765834862,
                                0.0003538935468727108,
                                0.0002940981294647687,
                                0.0004920319425772642,
                                0.0004069822996334244,
                                0.0002913933140630341,
                                0.00023415055567162964,
                                0.00027199340986356415,
                                0.0003871953083032945,
                                0.00030346923598739695,
                                0.0003245206064233574,
                                0.00041416155285564697,
                                0.0002943503139029142,
                                0.00032107149218025145,
                                0.0003258639251364784,
                                0.0004325302815756937,
                                0.0002652512365427893,
                                0.00040125536800390837,
                                0.0003121223576575542,
                                0.00036294861912781546,
                                0.0002906060700610522,
                                0.00043291337452094577,
                                0.00036057937856391674,
                                0.000446773099701377,
                                0.0003044547198037688,
                                0.0003490524233451376,
                                0.0002566064643365415,
                                0.00032358439095700735,
                                0.0003796309263182621,
                                0.00023777314617526987,
                                0.0002720364199461619,
                                0.0003268257441438232,
                                0.00026502356781354637,
                                0.00031324793933375667,
                                0.00040076192281222786,
                                0.00039061774816483564,
                                0.0003322926239287483,
                                0.0003011096229088108,
                                0.0003443723812669558,
                                0.00035423162188866306,
                                0.0004311112594398561,
                                0.0003313042106811247,
                                0.00040929986455200015,
                                0.0003069927984231713,
                                0.0003574357566272244,
                                0.000278990409148299,
                                0.00037503008367442394,
                                0.0003089268239024044,
                                0.00030325664264578767,
                                0.00043733793815426374,
                                0.0002690790367597645,
                                0.00028772629098346717,
                                0.0004001210623531332,
                                0.0002721842701122578,
                                0.0004010656603119564,
                                0.0004760398422270889,
                                0.0004626290217889859,
                                0.00044419272571032435,
                                0.0004355234940433434,
                                0.00037837508185765354,
                                0.00037882004929208033,
                                0.00023991696548899866,
                                0.0004237865140848879,
